Title,holder,ISILholder,name,nameID,abstract_content
K. I,Staatsbibliothek zu Berlin. Handschriftenabteilung,['http://ld.zdb-services.de/resource/organisations/'],"['Mann, Oskar']",['DE-588'],Entwurf eines Beitrages über die deutsche Bankkonzession in Persien. Von O. Mann im Jahre 1908 geschrieben und auch in der Kölner Zeitung veröffentlicht. Siehe Literaturhinweis.
K. II,Staatsbibliothek zu Berlin. Handschriftenabteilung,['http://ld.zdb-services.de/resource/organisations/'],"['Mann, Oskar']",['DE-588'],"Etliche Notizen (auf unterschiedlichem Papierformat) betreffend Sprichwörter der persischen Umgangssprache. Sprichwörter und Redewendungen aus Kunst und Poesie oder daraus abgeleitete sind hier nicht zu finden. Alle Sprüche und Redensarten sind auf Persisch geschrieben und zwar von unterschiedlichen Personen, darunter auch viele Perser geschrieben, jedoch auch viele von der Hand O. Manns. Dazwischen viele Notizen und Übersetzungen auf Deutsch und Englisch. Die Erklärungen sind fast alle auf Deutsch und Englisch von O. Mann geschrieben.
Die Sprichwörter haben folgende Unterteilung:
1. Eigentliche Sprichwörter
2. Bildliche Redewendungen
3. Bildliche Umschreibungen von menschlichen Eigenschaften
4. Lexikalisches und einfache Sprüche"
K. III,Staatsbibliothek zu Berlin. Handschriftenabteilung,['http://ld.zdb-services.de/resource/organisations/'],"['Mann, Oskar']",['DE-588'],"Aufzeichnungen von Oskar Mann bzw. eine Bestandsaufnahme persischer und indischer Miniaturen, die sich in den Handschriften der Königl. Bibliothek in Berlin finden. Zettelkasten mit Daten zu den Miniaturen wie Quelle (welche Handschrift) mit Signatur und Seite, Datierung, Ort, Titel, Maße, Bildbeschreibung.
Es finden sich auch Hinweise zu anderen Sammlungen und Bibliotheken wie: Institut des Langues orientales, Freiherr von Lipperheidesche Büchersammlung in Berlin, St. Petersburger Bibliothek, British Museum usw. Die Angaben sind auf unterscheidlichem Papierformat geschrieben."
K. IV,Staatsbibliothek zu Berlin. Handschriftenabteilung,['http://ld.zdb-services.de/resource/organisations/'],"['Mann, Oskar']",['DE-588'],"Abschrift und Übersetzungen aus dem Werk ""Die Geschichte des Ahmedschadi Durrani"". Daneben Material und Quellensammlung zum Thema. O.Mann liefert eine eine chronologische Beschreibung vor allem über die indischen Feldzüge."
K. IV,Staatsbibliothek zu Berlin. Handschriftenabteilung,['http://ld.zdb-services.de/resource/organisations/'],"['Mann, Oskar']",['DE-588'],"Abschrift und Übersetzungen aus dem Werk ""Die Geschichte des Ahmedschadi Durrani"". Daneben Material und Quellensammlung zum Thema. O. Mann liefert eine chronologische Beschreibung vor allem der indischen Feldzüge."
K. IV,Staatsbibliothek zu Berlin. Handschriftenabteilung,['http://ld.zdb-services.de/resource/organisations/'],"['Mann, Oskar']",['DE-588'],Abschrift und Übersetzungen aus dem Werk.
K. IV,Staatsbibliothek zu Berlin. Handschriftenabteilung,['http://ld.zdb-services.de/resource/organisations/'],"['Mann, Oskar']",['DE-588'],"Angaben zu Münzen verschiedener Herrscher des 18. Jahrhunderts mit Daten, Ort und weiteren Details, die sich auf der Vorder- und der Rückseite der Münzen befinden. Teilweise sind die Daten chronologisch geordnet. Es finden sich auch Hinweise zu Museen und Sammlungen"
K. IV,Staatsbibliothek zu Berlin. Handschriftenabteilung,['http://ld.zdb-services.de/resource/organisations/'],"['Mann, Oskar']",['DE-588'],Oskar Mann schreibt stellenweise aus dem Werk ab und gibt Hinweise und Kommentare auf Deutsch dazu.
K. IV,Staatsbibliothek zu Berlin. Handschriftenabteilung,['http://ld.zdb-services.de/resource/organisations/'],"['Mann, Oskar']",['DE-588'],O.Mann hat eigenhändig eine Abschrift des Werkes erstellt. Daneben gibt er Angaben über verschiedene Handschriften dieses Werkes mit Signaturen an. Farhat an Nazirin ist im Jahre 1184 (nach arabischer Zeitrechnung) verfasst worden. O. Mann gibt das British Museum und die Pariser Nationalbibliothek als Quelle an.
K. IV,Staatsbibliothek zu Berlin. Handschriftenabteilung,['http://ld.zdb-services.de/resource/organisations/'],"['Mann, Oskar']",['DE-588'],"Abschrift in Auszügen aus einer perssichen Handschrift und deren Verhältnis zum Werk ""Bahr al-mawag"" nach den Berliner Handschriften beider Werke"
K. IV,Staatsbibliothek zu Berlin. Handschriftenabteilung,['http://ld.zdb-services.de/resource/organisations/'],"['Mann, Oskar']",['DE-588'],"Die Kladde enthält Aufzeichnungen, teils Abschriften, teils Übersetzungen aus verschiedenen persischen Werken und Handschriften. Es scheint, dass O. Mann die persischen Handschriften in der Berliner Bibliothek in Bezug auf die Geschichte Persiens im 18. Jahrhundert durchforstet hat. Es gibt sehr viele Titel und Quellenangaben, manchmal auch Signaturangaben."
K. IV,Staatsbibliothek zu Berlin. Handschriftenabteilung,['http://ld.zdb-services.de/resource/organisations/'],"['Mann, Oskar']",['DE-588'],"Abschrift aus der persischen Handschrift ""Golschane Morad"" des Ibn-Muiz ad-Din Mohammad Abul-Hassan al-Gaffari al-Kashani aus dem British Museum (Signatur Or 3592). Neben Übersetzungsversuchen gibt es auch Anmerkungen wie Quellen und weitere Werke auf Deutsch und Englisch."
K. IV,Staatsbibliothek zu Berlin. Handschriftenabteilung,['http://ld.zdb-services.de/resource/organisations/'],"['Mann, Oskar']",['DE-588'],Abschrift einer persischen Handschrift aus dem Brtitish Museum (Signatur Or 196). O. Mann gibt hier aus verschiedenen Kapiteln des Werkes Abschriften mit Kommentaren und Erklärungen. Das Werk behandelt die Geschichte Persiens im 18. Jahrhundert.
K. IV,Staatsbibliothek zu Berlin. Handschriftenabteilung,['http://ld.zdb-services.de/resource/organisations/'],"['Mann, Oskar']",['DE-588'],"Vergleichende Abschrift aus zwei verschiedenen persischen Handschriften, deren Verfasser O. Mann ""Emin und Khalil"" benennt. Die Abschrift ist zweispaltig, links ""Khalil"", rechts ""Amin"";O.Mann versucht die Übereinstimmungen zwischen beiden Werken festzuhalten. Es sind jeweils Seite und Blatt des jeweilige Werkes angegeben. Beide Handschriften behandeln die Geschichte Persiens im 18. Jahrhundert. O. Mann schreibt viele Ergänzungen und Kommentare dazu."
K. IV,Staatsbibliothek zu Berlin. Handschriftenabteilung,['http://ld.zdb-services.de/resource/organisations/'],"['Mann, Oskar']",['DE-588'],"Es handelt sich um Titel und Beschreibungen einiger Handschriften mit Angaben wie Verfasser, Jahr, Ort, etc. Die Handschriften befinden sich entweder in der Berliner Bibliothek oder in London. Es scheint, als ob Oskar Mann eine Abschrift erstellen wollte."
K. IV,Staatsbibliothek zu Berlin. Handschriftenabteilung,['http://ld.zdb-services.de/resource/organisations/'],"['Mann, Oskar']",['DE-588'],"Es sind Angaben zu Personen, teilweise mit persischen Abschriften aus Werken und Handschriften. Daneben viele Quellen, Materialien und Hinweise."
K. IV,Staatsbibliothek zu Berlin. Handschriftenabteilung,['http://ld.zdb-services.de/resource/organisations/'],"['Mann, Oskar']",['DE-588'],Materialien aus verschiedenen Quellen zur Geschichte Persiens im 18. Jahrhundert.
K. IV,Staatsbibliothek zu Berlin. Handschriftenabteilung,['http://ld.zdb-services.de/resource/organisations/'],"['Mann, Oskar']",['DE-588'],Eine Kladde meist mit Passagen (auf Persisch) mit Inhaltsangaben zu verschiedenen persischen Werken des 18. und 19. Jahrhunderts. Oskar Mann liefert neben seiner Abschrift auf Persisch auch die Angaben zu den Handschriften und Büchern sowie sehr viele Verweise auf andere Quellen.
K. IX,Staatsbibliothek zu Berlin. Handschriftenabteilung,['http://ld.zdb-services.de/resource/organisations/'],"['Mann, Oskar']",['DE-588'],"Diese Notizen und Hinweise sind während der Beschäftigung O.Manns mit einer unbekanten persischen Handschrift im alten Dialekt von Schiras entstanden. Diese gehörte A. Socin. Sie beinhalten sehr viele, diesen Dialekt betreffende Notizen."
K. IX,Staatsbibliothek zu Berlin. Handschriftenabteilung,['http://ld.zdb-services.de/resource/organisations/'],"['Mann, Oskar']",['DE-588'],"Material im kurdischen Dialekt der Mukri. Es sind meistens Fragen, die diese Mundart betreffen."
K. IX,Staatsbibliothek zu Berlin. Handschriftenabteilung,['http://ld.zdb-services.de/resource/organisations/'],"['Mann, Oskar']",['DE-588'],O. Manns Aufzeichnungen zu diesem Dialekt.
K. IX,Staatsbibliothek zu Berlin. Handschriftenabteilung,['http://ld.zdb-services.de/resource/organisations/'],"['Mann, Oskar']",['DE-588'],O. Manns Aufzeichnungen zu diesem Thema.
K. IX,Staatsbibliothek zu Berlin. Handschriftenabteilung,['http://ld.zdb-services.de/resource/organisations/'],"['Mann, Oskar']",['DE-588'],O. Manns Aufzeichnungen zu dem genannten Thema.
K. IX,Staatsbibliothek zu Berlin. Handschriftenabteilung,['http://ld.zdb-services.de/resource/organisations/'],"['Mann, Oskar']",['DE-588'],O. Manns Aufzeichnungen zu dem genannten Thema.
K. IX,Staatsbibliothek zu Berlin. Handschriftenabteilung,['http://ld.zdb-services.de/resource/organisations/'],"['Mann, Oskar']",['DE-588'],"Varia zum kurdischen Dialket der Mukri, meistens Historiographie und Geographie betreffend"
K. IX,Staatsbibliothek zu Berlin. Handschriftenabteilung,['http://ld.zdb-services.de/resource/organisations/'],"['Mann, Oskar']",['DE-588'],"Es handelt sich um mehrere Entwürfe O. Manns mit sehr vielen Korrekturen für ein persisches Vorwort der ""Kurdisch-persische Forschungen""."
K. IX,Staatsbibliothek zu Berlin. Handschriftenabteilung,['http://ld.zdb-services.de/resource/organisations/'],"['Mann, Oskar']",['DE-588'],Notizen über verschiedene Mundarten im Iran. Teilweise auch mit bibliografischen Angaben versehen.
K. IX,Staatsbibliothek zu Berlin. Handschriftenabteilung,['http://ld.zdb-services.de/resource/organisations/'],"['Mann, Oskar']",['DE-588'],"Diese Notizen sind als Einleitung und Vorwort von O. Manns Werk ""Die Mundart der Mukri-Kurden"",Berlin 1906 erschienen."
K. IX,Staatsbibliothek zu Berlin. Handschriftenabteilung,['http://ld.zdb-services.de/resource/organisations/'],"['Mann, Oskar']",['DE-588'],"Sprachliche Notizen und Erklärungen einiger Begriffe und Wörter im Kurdischen, meist im Dialekt der Mukri, manchmal auch in anderen kurdischen Dialekten. O. Mann hat dazu auch für die weitere Recherche einige Quellenangaben genannt, denen man im Französischen oder Englischen nachgehen kann. Die Notizen sind bei der Beschäftigung mit seinem Buch über die Mukri-Kurden entstanden."
K. IX,Staatsbibliothek zu Berlin. Handschriftenabteilung,['http://ld.zdb-services.de/resource/organisations/'],"['Mann, Oskar']",['DE-588'],"Handschriftliches Manuskript von O.Mann (oder urspr. Entwurf) zum Dialekt der Mukri. O. Mann nennt es ""Die Mundart der Mukri-Kurden"". Diese Notizen beinhalten verschiedene Themen wie Grammatik, Phonetik, aber vor allem auch Inhalt und Form der kurdischen Volksepik. Teilweise mit Übersetzung der kurdischen Epen. Alle diese Notizen sind auf Deutsch geschrieben. Dazwischen finden sich sehr viele Gedichte in Transkription, selten auch ins Persische übersetzt. Die insgesamt 7 Kladden kann man grob folgendermaßen unterteilen:
A.: 1. Allgemeines und Entwurf von Vorwort und Einleitung für den zweiten Band des Werkes ""Die Mundarten der Mukri-Kurden"".
2. Reim und Metrum
3. Strophenbau
4. Prosodisches
5. Analyse der Epen und Gedichte
6. Allgemeines über die Rhapsodik der Kurden
B. Folgende epische Gesänge werden behandelt:
1. Mem und Zin
2. Farkh und Asti
3. Nasir und Malmal
4. Dimdim
5. Dschulindi
6. Mahmal und Braim
7. Las und Khezal"
K. V,Staatsbibliothek zu Berlin. Handschriftenabteilung,['http://ld.zdb-services.de/resource/organisations/'],"['Mann, Oskar']",['DE-588'],NaN
K. V,Staatsbibliothek zu Berlin. Handschriftenabteilung,['http://ld.zdb-services.de/resource/organisations/'],"['Mann, Oskar']",['DE-588'],NaN
K. V,Staatsbibliothek zu Berlin. Handschriftenabteilung,['http://ld.zdb-services.de/resource/organisations/'],"['Mann, Oskar']",['DE-588'],Es handelt sich um die Rohfassung eines Artikels mit sehr vielen Notizen und Quellenangaben.
K. V,Staatsbibliothek zu Berlin. Handschriftenabteilung,['http://ld.zdb-services.de/resource/organisations/'],"['Mann, Oskar']",['DE-588'],NaN
K. V,Staatsbibliothek zu Berlin. Handschriftenabteilung,['http://ld.zdb-services.de/resource/organisations/'],"['Mann, Oskar']",['DE-588'],"Die Veröffentlichung des Werkes ""Grundriss der neupersischen Etymologie"" durch den Iranisten Paul Horn im Jahr 1893 sorgte innerhalb der Orientalisten für Diskussionen. O. Mann behandelte bzw. kritisierte dieses Werk und veröffentlichte mehrere Rezension. Die vorhandene Kladde enthält seine Notizen und Entwürfe, nebst vielen Quellenangaben, Wortlisten, Anmerkungen etc. in diversen Sprachen."
K. VI,Staatsbibliothek zu Berlin. Handschriftenabteilung,['http://ld.zdb-services.de/resource/organisations/'],"['Mann, Oskar']",['DE-588'],"Der Text beinhaltet: Wortstamm und deren Erklärungen, Erläuterungen zur Grammatik zum mittelpersischen Werk Vedivdad. Im Text kommen Aufzeichnungen in diversen Sprachen vor, wie: Pahlavi, Deutsch, Sanskrit, Persisch, Chaldäisch"
K. VI,Staatsbibliothek zu Berlin. Handschriftenabteilung,['http://ld.zdb-services.de/resource/organisations/'],"['Mann, Oskar']",['DE-588'],meist Quellenangaben zum genannten Thema
K. VI,Staatsbibliothek zu Berlin. Handschriftenabteilung,['http://ld.zdb-services.de/resource/organisations/'],"['Mann, Oskar']",['DE-588'],"Grammatische und sprachliche Erläuterungen mit Beispielen und mit Kapitelangaben aus dem mittelpersischen Werk Mainyoikhard. Die Aufzeichnungen sind in verschiedenen Sprachen, darunter Mittelpersisch (Pahlavi), Deutsch und Neupersisch geschrieben."
K. VI,Staatsbibliothek zu Berlin. Handschriftenabteilung,['http://ld.zdb-services.de/resource/organisations/'],"['Mann, Oskar']",['DE-588'],"Es sind ca. 30 mittelpersische Verben, die dekliniert und in verschiedenen Sprachen, darunter Pahlavi, Chaldäisch, Deutsch, Persisch transkribiert und erläutert werden."
K. VI,Staatsbibliothek zu Berlin. Handschriftenabteilung,['http://ld.zdb-services.de/resource/organisations/'],"['Mann, Oskar']",['DE-588'],"hauptsächlich aus dem Werk Mainyoikhard, mit Seiten und Zeilenangaben, wo die Verben vorkommen."
K. VI,Staatsbibliothek zu Berlin. Handschriftenabteilung,['http://ld.zdb-services.de/resource/organisations/'],"['Mann, Oskar']",['DE-588'],diese Anmerkungen & Notizen zur Lautlehre stammen zumeist aus dem mittelpersischen Text Mainyoikhard
K. VI,Staatsbibliothek zu Berlin. Handschriftenabteilung,['http://ld.zdb-services.de/resource/organisations/'],"['Mann, Oskar']",['DE-588'],Diese Verbformen sind meistens aus dem Pahlavi Text Vedivdad entnommen.
K. VI,Staatsbibliothek zu Berlin. Handschriftenabteilung,['http://ld.zdb-services.de/resource/organisations/'],"['Mann, Oskar']",['DE-588'],"Grammatikalische Behandlung der Inschrift von Naks-i Rajab (im Iran), neben anderen sprachlichen Notizen zum Mittelpersischen."
K. VI,Staatsbibliothek zu Berlin. Handschriftenabteilung,['http://ld.zdb-services.de/resource/organisations/'],"['Mann, Oskar']",['DE-588'],Grammatische Behandlung der manichäischen Texte aus Chinesich-Turkestan
K. VI,Staatsbibliothek zu Berlin. Handschriftenabteilung,['http://ld.zdb-services.de/resource/organisations/'],"['Mann, Oskar']",['DE-588'],"Bei diesen Ideogrammen handelt es sich meistens um Verben, die in verschiedenen Sprachen und Schriften wiedergegeben werden."
K. VI,Staatsbibliothek zu Berlin. Handschriftenabteilung,['http://ld.zdb-services.de/resource/organisations/'],"['Mann, Oskar']",['DE-588'],Arda Viraf nameh ist ein mittelpersisches Werk. O. Mann hat dieses Werk sprachlich (nach Stamm etc.) untersucht & nach Kapiteln behandelt.
K. VI,Staatsbibliothek zu Berlin. Handschriftenabteilung,['http://ld.zdb-services.de/resource/organisations/'],"['Mann, Oskar']",['DE-588'],"Es sind Angaben zu 8 Inschriften in Pahlavi (Mittelpersisch), die sich im Iran befinden. Dazu auch eine Zeichnung der Lage einiger Inschriften in Persis. Es scheint, dass O.Mann diese Liste vor Ort (während seiner Reisen) erstellt hat, da auch eigenhändige Zeichnungen dabei sind. Für jede in dieser Liste aufgeführten Inschriften sind Jahr, Sprache und Ort angegeben."
K. VI,Staatsbibliothek zu Berlin. Handschriftenabteilung,['http://ld.zdb-services.de/resource/organisations/'],"['Mann, Oskar']",['DE-588'],"Die Notizen betreffen Themen wie: Pluralbildungen, Chrestomathie, Verbal-Endungen, Ideogramme, Zeitformen. Wichtig an diesen Aufzeichnungen sind, abgesehen von ihrem philologischen Wert, viele Hinweise auf Texte und Werke In mittelpersischer Sprache sowie Quellenangaben."
K. VI,Staatsbibliothek zu Berlin. Handschriftenabteilung,['http://ld.zdb-services.de/resource/organisations/'],"['Mann, Oskar']",['DE-588'],"Es sind Erläuterungen zu Schreibungen, teilweise auch zur Lautlehre des Pahlavi, manchmal mit genauen Angaben des Werkes sowie Seitenzahl und Zeile usw. Hauptsächlich aus dem Werk Mainyoikhard."
K. VI,Staatsbibliothek zu Berlin. Handschriftenabteilung,['http://ld.zdb-services.de/resource/organisations/'],"['Mann, Oskar']",['DE-588'],"Es sind Erläuterungen zu Aufbau, teilweise auch zur Lautlehre des Pahlavi, manchmal mit genauen Angaben des Werkes mit Seitenzahl sowie Quellenangabe usw."
K. VI,Staatsbibliothek zu Berlin. Handschriftenabteilung,['http://ld.zdb-services.de/resource/organisations/'],"['Mann, Oskar']",['DE-588'],"Es sind Erläuterungen zur Schwurformel in mittelpersischen Werken, teilweise auch mit genauen Angaben des Werkes sowie mit Quellenangaben usw."
K. VI,Staatsbibliothek zu Berlin. Handschriftenabteilung,['http://ld.zdb-services.de/resource/organisations/'],"['Mann, Oskar']",['DE-588'],eine kurze Liste mit einer Gegenüberstellung der afghanischen und persischen Sprache mit englischer Übersetzung.
K. VI,Staatsbibliothek zu Berlin. Handschriftenabteilung,['http://ld.zdb-services.de/resource/organisations/'],"['Mann, Oskar']",['DE-588'],"Gegenüberstellung einiger Wörter und deren Vergleich mit der neupersischen Sprache. Aus dem Hinweis auf dem Blatt geht hervor, dass diese Wörter aus dem folgendem Werk stammen: Khanikoff, pastie meridionale de l'Asie antrale, S. 313"
K. VI,Staatsbibliothek zu Berlin. Handschriftenabteilung,['http://ld.zdb-services.de/resource/organisations/'],"['Mann, Oskar']",['DE-588'],"Zettelkatalog mittelpersischer Wörter (hauptsächlich Verben) aus verschiedenen Pahlavi Werken & Texten, die auch teilweise zitiert und angegeben werden. Die Verben sind in Pahlavischrift, daneben die neupersische und anschließend die ethymologische Beschreibung auf Deutsch. Die Verben/Wörter sind auch in Umschrift wiedergegeben. Der Zettelkatalog ist sicherlich über Jahre gewachsen. Aus einigen Hinweisen geht hervor, dass Oskar Mann sich zwischen 1890 und 1900 intensiv mit der mittelpersischen Sprache beschäftigt hat. Er hatte über Jahre bei dem bekannten Iranisten F.C. Andreas Unterricht genommen. Auf vielen Zetteln sieht man auch Hinweise wie: ""laut Andreas"" oder ""übersetzt von Andreas"" etc."
K. VI,Staatsbibliothek zu Berlin. Handschriftenabteilung,['http://ld.zdb-services.de/resource/organisations/'],"['Mann, Oskar']",['DE-588'],"Mittelpersische Wortliste (hauptsächlich Namen und Verben) aus einem Pahlavi Werk Bundhisch. Die Wörter sind in Pahlavischrift, daneben die neupersische und anschließend die ethymologische Beschreibung auf Deutsch. Die Verben/Wörter sind auch in Umschrift wiedergegeben."
K. VI,Staatsbibliothek zu Berlin. Handschriftenabteilung,['http://ld.zdb-services.de/resource/organisations/'],"['Mann, Oskar']",['DE-588'],"Abschrift einer Schwörformel (eventuelle aus einer mittelpersischen Hs. namens Rewayat) nebest persischer Übersetzung und anderen sprachlichen Notizen. Die Übersetzung weist die Handschrift O. Mann auf, während der mittelpersische Text/Abschrift von einem unbekannten Schreiber niedergeschrieben ist."
K. VII,Staatsbibliothek zu Berlin. Handschriftenabteilung,['http://ld.zdb-services.de/resource/organisations/'],"['Mann, Oskar', 'Firdausī (0940-1020)']","['DE-588', 'DE-588']","Diese Kladde ist während der Beschäftigung mit dem persischen Natonalepos ""Schahname"" entstanden. O. Mann gibt in seinen Notizen sehr viel Lexikalisches wieder aus unterschiedlichen Ausgaben dieses Werkes. O. Mann hat neben des Schahname Hs. aus der Sammlung der Hds. des Britischen Museums auch andere gedruckte Ausgaben wie Macan, Vullers usw. für seine Studien herangezogen."
K. VII,Staatsbibliothek zu Berlin. Handschriftenabteilung,['http://ld.zdb-services.de/resource/organisations/'],"['Mann, Oskar']",['DE-588'],"Wortliste und Notizen nach der Lektüre eines persischen Werkes mit dem Titel ""Safare Kerbela"" (Kerbela Reise). O.Mann fügt auch die Seitenangaben auf Persisch und Englisch hinzu. Das Werk ist in der zweiten Hälfte des 19. Jahrhunderts entstanden."
K. VII,Staatsbibliothek zu Berlin. Handschriftenabteilung,['http://ld.zdb-services.de/resource/organisations/'],"['Mann, Oskar']",['DE-588'],"Wortliste und Notizen nach der Lektüre des persichen Werkes ""Tarikh-e Naderi"" (Geschichte des Nader Schah). Das Werk ist auch unter ""Tarich-e Djahn Goschei"" bekannt. Der Verfasser des Werkes aus dem 18. Jahrhundert ist Mohammad Nasir Estarabadi."
K. VII,Staatsbibliothek zu Berlin. Handschriftenabteilung,['http://ld.zdb-services.de/resource/organisations/'],"['Mann, Oskar']",['DE-588'],Lexikalische Aufzeichnungen aus dem bekannten Werk von dem persischen Dichter Saadi aus dem 13. Jahrhundert. Mit Kapitel- und Seitenangaben versehen. O. Mann versuchte mittels dieser Lektüren die persische Sprache zu lernen.
K. VII,Staatsbibliothek zu Berlin. Handschriftenabteilung,['http://ld.zdb-services.de/resource/organisations/'],"['Mann, Oskar']",['DE-588'],"Es sind meist lexikalische Notizen, die bei der Behandlung der verschiedenen Werke verschiedener persischer Dichter entstanden sind. Daneben gibt es auch Quellenangaben und Signaturen der Handschriften. Erwähnt werden folgende Dichter und deren Werke: Nizami, Abn Said Ibn Abul-Khair, Firdausi, Rudaki, Hamdulah Mustufi, Daghighi, Enweri etc."
K. VII,Staatsbibliothek zu Berlin. Handschriftenabteilung,['http://ld.zdb-services.de/resource/organisations/'],"['Mann, Oskar']",['DE-588'],"Bei der Lektüre des Werkes entstandene Notizen auf Persisch und Englisch, meist philologischen Inhalts. ""Anvar-e Soheli"" ist ein Werk über Moral und Ethik aus dem 17. Jahrhundert von Vaeze Kaschefi."
K. VII,Staatsbibliothek zu Berlin. Handschriftenabteilung,['http://ld.zdb-services.de/resource/organisations/'],"['Mann, Oskar']",['DE-588'],"Lexikalische Aufzeichnungen von Oskar Mann nach der Lektüre des Werkes ""Sefaratname Kharazm""."
K. VII,Staatsbibliothek zu Berlin. Handschriftenabteilung,['http://ld.zdb-services.de/resource/organisations/'],"['Mann, Oskar']",['DE-588'],"Bei der Lektüre des Werkes entstandene Notizen, meist lexikalisch"
K. VII,Staatsbibliothek zu Berlin. Handschriftenabteilung,['http://ld.zdb-services.de/resource/organisations/'],"['Mann, Oskar']",['DE-588'],"Eine Kladde mit Material, das bei der Lektüre verschiedener armenischer Werke wie Das Buch Tobit, Agathangelos, Faustus, Byzantinus etc. entstanden ist."
K. VII,Staatsbibliothek zu Berlin. Handschriftenabteilung,['http://ld.zdb-services.de/resource/organisations/'],"['Mann, Oskar']",['DE-588'],"Eine große Kladde, die bei der Beschäftigung mit dem Avesta entstanden ist. Diese Aufzeichnungen sind meist grammatikalisch und lexikalisch behandelt. Die Haupttitel und Überschriften der mittelpersischen Texte lauten: Jasna 28, Jasna 1, Jasna 61 (62), Vendidad Fargard I, Fargard III, Vendidad V, Vi, 19, Jasht, Jasht V und IV, MahJasht, Bahram Jasht etc."
K. X,Staatsbibliothek zu Berlin. Handschriftenabteilung,['http://ld.zdb-services.de/resource/organisations/'],"['Mann, Oskar']",['DE-588'],"Kurdische Sprache im Dialekt der Mukri-Kurden ca. 30 Kladden, mit Wörterverzeichnis und Materialien zur Grammatik der kurdischen Sprachen."
K. X,Staatsbibliothek zu Berlin. Handschriftenabteilung,['http://ld.zdb-services.de/resource/organisations/'],"['Mann, Oskar']",['DE-588'],"Entwurf einer Vorrede und Skizzen einiger Wörter und Sätze im Luri-Dialekt. Der Text ist als Vorwort in dem Buch ""Die Mundarten der Lur-Stämme"" im Jahre 1910 erschienen."
K. X,Staatsbibliothek zu Berlin. Handschriftenabteilung,['http://ld.zdb-services.de/resource/organisations/'],"['Mann, Oskar']",['DE-588'],"Skizzen für eine Einleitung sowie Beispiele zu einigen persischen Dialekten: Masarmi, Kalun Abdui"
K. X,Staatsbibliothek zu Berlin. Handschriftenabteilung,['http://ld.zdb-services.de/resource/organisations/'],"['Mann, Oskar']",['DE-588'],Behandlung der Lautlehre der persischen Dialekte in der Provinz Fars
K. X,Staatsbibliothek zu Berlin. Handschriftenabteilung,['http://ld.zdb-services.de/resource/organisations/'],"['Mann, Oskar']",['DE-588'],Die Behandlung der Ethymologien und Vokabeln der persischen Dialekte in der Provinz Fars
K. X,Staatsbibliothek zu Berlin. Handschriftenabteilung,['http://ld.zdb-services.de/resource/organisations/'],"['Mann, Oskar']",['DE-588'],"Unter anderem Abhandlungen zu Verben in folgenden persischen Dialekten: Somghuni, Masurumi, Papuni, Buiuguni, Lari"
K. X,Staatsbibliothek zu Berlin. Handschriftenabteilung,['http://ld.zdb-services.de/resource/organisations/'],"['Mann, Oskar']",['DE-588'],"Notizen und Untersuchungen der persischen Dialekte. Es werden Themen wie: Lautlehre, Doppelkonsonanten, Syntax, Labialen, Halbvokale etc. angesprochen und in Kladden (insgesamt 15) sortiert. Die folgende persischen Dialekte kommen vor und werden behandelt: Somghuni, Masurumi, Papuni, Buiuguni, Lari, die kurdische Sprachinsel ""Kalun Abdui"", Ardakani, Kalati und etc."
K. X,Staatsbibliothek zu Berlin. Handschriftenabteilung,['http://ld.zdb-services.de/resource/organisations/'],"['Mann, Oskar']",['DE-588'],"Bearbeitungen zur Kurdische Sprache vor allem Lautlehre etc. im Dialekt der Mukri-Kurden. Es sind ca. 35 Kladden, mit sehr vielen Anmerkungen, Glossar, Notizen und Materialien zur Epik der Kurden."
K. XII,Staatsbibliothek zu Berlin. Handschriftenabteilung,['http://ld.zdb-services.de/resource/organisations/'],"['Mann, Oskar']",['DE-588'],"Tagebuchaufzeichnungen von der Reise mit sehr vielen Notizen zur deren Vorbereitung, sowie Adressen, Personen, Namen, Inhaltslisten der einzelnen Koffer etc. Das eigentliche Tagebuch fängt ab Blatt 10 an, trägt das Datum Sonntag, den 20. Oktober 1901, und nennt als Ort Berlin, Anhalter Bahnhof. Das Tagebuch ist unterschiedlich geführt, manchmal ausführlich, manchmal knapp gehalten. Der Reiseverlauf kann gut verfolgt werden. Fast regelmäßig sind Tag, Datum und Ort angegeben. Letzter Eintrag dieses Heftes: 26. Oktober 1903. Die Hauptstationen sind Buschir, Schiraz, Isfahan, Teheran, Kermanschah, Sultanabad, Soudschbulagh (heutiges Sanandasch) und Urumie."
K. XII,Staatsbibliothek zu Berlin. Handschriftenabteilung,['http://ld.zdb-services.de/resource/organisations/'],"['Mann, Oskar']",['DE-588'],"Das Tagebuch beginnt mit dem Datum 28. Februar 1906 ab Berlin. Es ist sehr knapp geführt und enthält kaum Beschreibungen. Es dient wohl mehr als Gedächtnisstütze. Manchmal sind nur Tag, Datum und Ort vermerkt. Kurze Notizen betreffen meist Ereignisse. Die Eintragungen sind i.a. auf Deutsch geschrieben, es gibt aber auch Anmerkungen auf Persisch und Englisch. Neben den Tagebuchaufzeichnungen gibt es Notizen zu neupersischen Idiomatismen (S 112), modernem persischem Vokabular (S 113), über Importe deutscher Fabrikate nach Persien (S115), Opium (S116), das Parlament (S. 117). Hinzukommen Adresslisten, Geburtstagslisten, Inhalte der mitgeführten Koffer etc."
K. XII,Staatsbibliothek zu Berlin. Handschriftenabteilung,['http://ld.zdb-services.de/resource/organisations/'],"['Mann, Oskar', 'Mann, Martha']","['DE-588', 'DE-588']","Der erste Teil der Reisebriefe von der ersten Persienreise (1901-1903): Es sind insgesamt 61 Briefe, meist im wöchentlichen Rhythmus geschrieben, aber auch öfter. Der erste trägt das Datum 23. Oktober 1901 und kommt aus Bodighera, der letzte wurde am 20.November 1902 aus Kermanschah abgeschickt. Die Briefe sind an Mutter und Schwester in Berlin gerichtet, haben aber nicht nur privaten Inhalt. Beschrieben sind seine Feldforschungen, sein Tagesablauf, fotografische Aufnahmen, Kontakte mit Personen, Befindlichkeit der Expeditionsteilnehmer, geografische Beobachtungen und Wegbeschreibungen."
K. XII,Staatsbibliothek zu Berlin. Handschriftenabteilung,['http://ld.zdb-services.de/resource/organisations/'],"['Mann, Oskar', 'Mann, Martha', 'Mann (-1905)']","['DE-588', 'DE-588', 'DE-611']","Der zweite Teil der Reisebriefe von der ersten Reise (1901-1903) beinhaltet 49 Briefe, meist im wöchentlichen Rhythmus oder öfter, beginnend mit dem 24. November 1902, und endend mit dem 23. Dezember 1903. Die Briefe sind an seine Mutter und Schwester in Berlin gerichtet, haben aber nicht nur privaten Inhalt. Beschrieben sind seine Feldforschungen, sein Tagesablauf, fotografische Aufnahmen, Kontakte mit Personen, Befindlichkeit der Expeditionsteilnehmer, geografische Beobachtungen und Wegbeschreibungen."
K. XII,Staatsbibliothek zu Berlin. Handschriftenabteilung,['http://ld.zdb-services.de/resource/organisations/'],"['Mann, Oskar', 'Mann, Martha']","['DE-588', 'DE-588']","Reisebriefe der zweiten Reise 1906 - 1907. Insgesamt 61 Briefe sehr unterschiedlicher Länge, von 4 bis zu 32 Seiten, was damit zusammenhing, ob O.Mann Postverbindungen hatte oder nicht. Alle Briefe sind an seine Schwester Martha in Berlin gerichtet. Der Inhalt ist eine Art Tagebuch. Durch Orts- und Datumsangaben jeweils am Anfang läßt sich der Reiseverlauf gut verfolgen. Er berichtet von Ereignissen, Beobachtungen, Begegnungen, Studien. Erster Brief: 2. März 1906 aus Hamburg, letzter Brief 14.Juni 1907 aus Sultanabad. Die Hauptstationen sind Aleppo, Siwarak, Urfa, Bagdad, Mossul, Schiraz, Isfahan, Teheran etc."
K. XIII,Staatsbibliothek zu Berlin. Handschriftenabteilung,['http://ld.zdb-services.de/resource/organisations/'],"['Mann, Oskar']",['DE-588'],NaN
K. XIII,Staatsbibliothek zu Berlin. Handschriftenabteilung,['http://ld.zdb-services.de/resource/organisations/'],"['Mann, Oskar']",['DE-588'],NaN
K. XIII,Staatsbibliothek zu Berlin. Handschriftenabteilung,['http://ld.zdb-services.de/resource/organisations/'],"['Mann, Oskar']",['DE-588'],NaN
K. XIII,Staatsbibliothek zu Berlin. Handschriftenabteilung,['http://ld.zdb-services.de/resource/organisations/'],"['Mann, Oskar']",['DE-588'],NaN
K. XIII,Staatsbibliothek zu Berlin. Handschriftenabteilung,['http://ld.zdb-services.de/resource/organisations/'],"['Mann, Oskar']",['DE-588'],NaN
K. XIII,Staatsbibliothek zu Berlin. Handschriftenabteilung,['http://ld.zdb-services.de/resource/organisations/'],"['Mann, Oskar']",['DE-588'],NaN
K. XIII,Staatsbibliothek zu Berlin. Handschriftenabteilung,['http://ld.zdb-services.de/resource/organisations/'],"['Mann, Oskar']",['DE-588'],NaN
K. XIII,Staatsbibliothek zu Berlin. Handschriftenabteilung,['http://ld.zdb-services.de/resource/organisations/'],"['Mann, Oskar']",['DE-588'],NaN
K. XIII,Staatsbibliothek zu Berlin. Handschriftenabteilung,['http://ld.zdb-services.de/resource/organisations/'],"['Mann, Oskar']",['DE-588'],NaN
K. XIII,Staatsbibliothek zu Berlin. Handschriftenabteilung,['http://ld.zdb-services.de/resource/organisations/'],"['Mann, Oskar']",['DE-588'],NaN
K. XIII,Staatsbibliothek zu Berlin. Handschriftenabteilung,['http://ld.zdb-services.de/resource/organisations/'],"['Mann, Oskar']",['DE-588'],NaN
K. XIII,Staatsbibliothek zu Berlin. Handschriftenabteilung,['http://ld.zdb-services.de/resource/organisations/'],"['Mann, Oskar']",['DE-588'],NaN
K. XIII,Staatsbibliothek zu Berlin. Handschriftenabteilung,['http://ld.zdb-services.de/resource/organisations/'],"['Mann, Oskar']",['DE-588'],NaN
K. XIII,Staatsbibliothek zu Berlin. Handschriftenabteilung,['http://ld.zdb-services.de/resource/organisations/'],"['Mann, Oskar']",['DE-588'],NaN
K. XIII,Staatsbibliothek zu Berlin. Handschriftenabteilung,['http://ld.zdb-services.de/resource/organisations/'],"['Mann, Oskar', 'Mann, Martha']","['DE-588', 'DE-588']","Es handelt sich um die Abschrift eines Berichtes von O. Mann in Bezug auf Inschriften zur Sassanidenzeit im Iran. Darin ist beschrieben, wo sich diese Inschriften befinden, dabei sind sehr viele Zitate aus dem Englischen, Forschernamen und Quellen angemerkt. Laut einer Anmerkung am Ende des Textes ist die Abschrift von der Schwester Oskar Manns, Martha Mann, gefertigt worden, wahrscheinlich zwecks Weiterleitung an andere Stellen, da sich O. Mann zu dieser Zeit im Iran befand."
K. XIII,Staatsbibliothek zu Berlin. Handschriftenabteilung,['http://ld.zdb-services.de/resource/organisations/'],"['Mann, Oskar']",['DE-588'],"Eine tabellarisch von O. Mann während der Studienzeit erstellte Stammtafel, die neben einigen Königsnamen auch Notizen enthält."
K. XIII,Staatsbibliothek zu Berlin. Handschriftenabteilung,['http://ld.zdb-services.de/resource/organisations/'],"['Mann, Oskar']",['DE-588'],"Von Oskar Mann verfasste Notizen, Übersetzungen, Exzerpte aus einem persischen Werk von Imam ad.Din Husaini (1797), das zu den Quellen der Geschichte Persiens in der Mitte des achtzehnten Jahrhunderts gehört. Oskar Mann hat aus verschiedenen Handschriften dieses Werkes, die in verschiedenen europäischen Bibliotheken wie London und Berlin vorhanden waren, eine Arbeit zusammengestellt, die seinerzeit in der ZDMG in mehreren Folgen erschienen ist. Siehe Literatur. In dieser Vorarbeit sammelt er viele Quellen und Materialien und gibt sehr viele Passagen aus dem Persischen ins Deutsche wieder. Obwohl die Arbeit das Werk ""Tarikhe nasab-Namai Ahmad Schah Durani"" behandelt, tauchen auch andere Titel (Handschriften) und deren Behandlung, teilweise mit den Signaturen der jeweiligen Bibliotheken, auf. Diese Arbeit steht auch in engem Zusammenhang mit der Dissertation Oskar Manns mit dem Titel: ""Das Mujmil et Tarihk-i badnadirije des Ibn-Mu.hammad Emin Abulhasan aus Gulistane / nach Berliner Handschriften herausgegeben, mit einer Einleitung und Indices versehen und als Inaugural-Dissertation zur Erlangung der Doctorwürde bei der Philosophischen Facultät der Universität Strassburg eingereicht von Oskar Mann 1890""."
2,Staatsbibliothek zu Berlin. Handschriftenabteilung,['http://ld.zdb-services.de/resource/organisations/'],"['Mann, Oskar']",['DE-588'],"Oskar Mann hat während der beiden Reisen in den Vorderen Orient eine Reihe Menschen (""Völkertypen"" wie er es nennt) aufgenommen. Von der zweiten Reise 1906-1907 sind 11 Bilder mit dem Vermerk ""Völkertypen"" vorhanden.
Die Auflistung der Bilder orientiert sich an den Bildunterschriften von O. Mann, auch hinsichtlich der Schreibweise. Abweichungen basieren darauf.
1.	Hamidiyeh-Kurde des Ibrahim Pascha
2.	Ibrahim Pascha
3.	Berazi-Kurde aus Urfa [in] Arabische Beduinentracht
4.	Scheikh Bozan der Barde der Bärazî
5.	Muhammed (Bitlis)
6.	Kurdenknaben aus Amadia (Alte Tracht der Bergkurden)
7.	Yeziden (Teufelsanbeter) aus Sindschar [2x hintereinander das selbe Bild geklebt]
8.	Kurde aus der Umgegend von Mosul im Hauskleide
9.	Hasan Bäwândîzî aus Mosul
10.	Ismail und Achmed, meine Diener
11.	Perser aus Isfahan"
Arbeitsmaterialien,Archiv der Berlin-Brandenburgischen Akademie der Wissenschaften,['http://ld.zdb-services.de/resource/organisations/'],"['Mann, Oskar']",['DE-588'],"Eine Sammlung von Sprachproben, meist kurze Sätze und Konjugationen etc., Erzählungen, Gedichte, Sprachproben und Vokabeln in verschiedenen kurdischen Dialekten. Sie wurden alle von O. Mann eigenhändig mit lateinischer Umschrift und persischer Übersetzung geschrieben. O. Mann gibt an einigen Stellen an, dass er diese Sammlung in Schiraz angelegt und unterwegs vervollständigt hat. Außerdem liegen in diesem Heft 9 lose Blätter, die weiter unten als letzte beschrieben werden.
Hier ein Überblick zu den jeweiligen Dialekten und weiteren Angaben:
1- Kurdische Sprachaufzeichnungen aus der Stadt Sanandadsch. Die Gewährsmänner waren: 1. Mehmmet Kalhur aus Mahmmutabad bei Sanandadsch, 2. Bagher Bek geboren in der Nähe der Stadt Sanandadsch. S. 1-106.
2- Dialekt Aufzeichnungen aus der Stadt Kermanschah S. 107-207 (auch S. 268).
3- Sprachaufzeichnungen im Lak-Dialekt aus Harsin und Umgebung. S. 208-239.
4- Sprachaufzeichnungen im Dschafi-Dialekt. S. 207.
5- Sprachaufzeichnungen im Badschälani-Dialekt. S. 207.
6- Sprachaufzeichnungen im Guran-Dialekt aus Känduläi. S. 241-267.
7- Kurdische Sprachaufzeichnungen aus Lurestan. S. 270-276.
8- Beschreibung der losen Blätter in diesem Heft: Bl. 1 bis 4 ist eine Erzählung im kurdischen Lak-Dialekt, die in zwei Versionen verfasst ist und eine Geschichte des Herrschers ""Karim Khan Zand"" (Regierungszeit 1750-1779) beinhaltet. Dann folgt auf Bl. 9 die persische Übersetzung, außerdem fünf Anekdoten von ""Khadsche Naser ed-din"" auf Persisch."
Arbeitsmaterialien,Archiv der Berlin-Brandenburgischen Akademie der Wissenschaften,['http://ld.zdb-services.de/resource/organisations/'],"['Mann, Oskar']",['DE-588'],Es handelt sich um eine Auflistung von Oskar Mann über seine Feldforschungen und Sammlungen während der ersten Reise. Die Liste diente zur Übersicht und als Planung eventueller Drucke. Die Sprachen und Dialekte sind in Gruppen mit ungefährem Umfang der Aufzeichnungen angegeben.
Arbeitsmaterialien,Archiv der Berlin-Brandenburgischen Akademie der Wissenschaften,['http://ld.zdb-services.de/resource/organisations/'],"['Mann, Oskar']",['DE-588'],"Von Oskar Mann eigenhändig geschriebene Sprachaufzeichnungen im Semghan-Dialekt (Stadt im Iran), von Oskar Mann als ""Somguni fragliches etc."" bezeichnet. Es handelt sich hauptsächlich um Verbkonjugationen, Ausdrücke und kurze Sätze. Neben der lateinischen Umschrift findet sich auch eine persische Übersetzung."
Arbeitsmaterialien,Archiv der Berlin-Brandenburgischen Akademie der Wissenschaften,['http://ld.zdb-services.de/resource/organisations/'],"['Mann, Oskar']",['DE-588'],"Oskar Manns Notizen über die Einteilung des Mittelpersischen in mehrere Dialekte. Er beschreibt einige Merkmale und Unterschiede dieser Dialekte und teilt sie in Nord- und Süddialekte anhand der manichäischen Texte, die damals während der Turfan-Expeditionen in Chinesisch-Turkestan gefunden worden waren. Er versucht daraus einige philologische Schlüsse für die Arbeiten auf dem Gebiet der iranischen Sprachen zu ziehen."
Arbeitsmaterialien,Archiv der Berlin-Brandenburgischen Akademie der Wissenschaften,['http://ld.zdb-services.de/resource/organisations/'],"['Mann, Oskar']",['DE-588'],"Aufzeichnungen Oskar Manns, die die Dialektspaltung der iranischen Sprache in älterer Zeit betreffen. Er sammelt Quellenangaben und Beispiele in der heutigen Sprache und behandelt einige ältere Dialektspuren. Das alles diente als Entwurf zu einer Einleitung, die er schreiben wollte. Er nennt auch einige Literatur zu diesem Thema."
Arbeitsmaterialien,Archiv der Berlin-Brandenburgischen Akademie der Wissenschaften,['http://ld.zdb-services.de/resource/organisations/'],"['Mann, Oskar']",['DE-588'],"Eine Wörterliste in Gurani im Dialekt von Känduläi, die Oskar Mann während der Beschäftigung mit Gurani-Texten für sich erstellt hat. Es handelt sich meistens um abweichendes Vokabular, das Fragen aufgeworfen hat. Neben der Transkription der Wörter notiert er die persische Übersetzung und in geringem Umfang auch die deutsche Übersetzung. An einigen Stellen sind die Nummern der Texte/Erzählungen, die er aus anderen Heften aufgenommen bzw. von Schreibern hat niederschreiben lassen, notiert. Das Konvolut diente sicherlich als Arbeitsmaterial zur Bearbeitung eines Gurani-Bandes in der Reihe ""Kurdisch-Persische Forschungen""."
Arbeitsmaterialien,Archiv der Berlin-Brandenburgischen Akademie der Wissenschaften,['http://ld.zdb-services.de/resource/organisations/'],"['Mann, Oskar']",['DE-588'],"Zettelkatalog bestehend aus sehr vielen Verben und deren Deklination in unterschiedlichen Zeiten, eigenhändig von Oskar Mann gesammelt und niedergeschrieben. Die Verben sind nicht alphabetisch geordnet. Alle Verben sind in Transkription (Umschrift) aufgenommen, die Bedeutung ist auf Persisch und selten auf Deutsch wiedergegeben. Diese Verbsammlung ist während der Arbeiten an den Känduläi-Texten und Gedichten entstanden und diente Oskar Mann als Arbeitsmaterial."
Arbeitsmaterialien,Archiv der Berlin-Brandenburgischen Akademie der Wissenschaften,['http://ld.zdb-services.de/resource/organisations/'],"['Mann, Oskar']",['DE-588'],"Dieses Arbeitsheft, das Oskar Mann ""Fragen und Verba"" nennt, hat er zum Abfragen der Einheimischen zusammengestellt. Die meisten der hier angegebenen Anekdoten sind aus dem ""Hekayate Farsi..."" von Friedrich Rosen entnommen. Anhand dieses Heftes hat er bei den Feldforschungen die Leute befragt bzw. er ließ die Texte (meistens Anekdoten) in ihrer jeweiligen Sprache oder ihrem Dialekt übersetzen und teilweise auch niederschreiben."
Arbeitsmaterialien,Archiv der Berlin-Brandenburgischen Akademie der Wissenschaften,['http://ld.zdb-services.de/resource/organisations/'],"['Mann, Oskar']",['DE-588'],"Eine Kladde, in der Oskar Mann für sich eine Übersicht zu den in seinen Sammlungen vorkommenden Materialien zu dem Stichwort ""Norddialekt"", gemeint sind die iranischen Norddialekte, gibt mit Angaben der Dialekte, Seitenzahl und Umfang. Ab Blatt 11 bis zum Schluß folgt eine Erzählung auf Gilaki, die Oskar Mann eigenhändig in Transkription niedergeschrieben hat."
Manuskripte,Archiv der Berlin-Brandenburgischen Akademie der Wissenschaften,['http://ld.zdb-services.de/resource/organisations/'],"['Mann, Oskar']",['DE-588'],"Oskar Manns Notizen in Bezug auf die Schreibung der Laute und Buchstaben im Dialekt von Känduläi. Er versucht, für die Schreibung der aufgesagten Geschichten in diesem Dialekt eine Art Direktiv zu entwickeln und liefert einige Beispiele in persischer und lateinischer Umschrift. Einige Anmerkungen notiert er unter dem Überschrift ""Fragliches"" in Känduläi."
Manuskripte,Archiv der Berlin-Brandenburgischen Akademie der Wissenschaften,['http://ld.zdb-services.de/resource/organisations/'],"['Mann, Oskar']",['DE-588'],"Eine systemische Bearbeitung der Gurani Grammatik, insbesondere des Kundulai-Dialektes durch Oskar Mann. Er sammelt akribisch Wortbeispiele, behandelt Hauptmerkmale und Satzbau der Gurani-Sprache und liefert Beispiele: es scheint, dass Oskar Mann sich eine sehr lange Zeit intensiv mit dieser Grammatik beschäftigt hat. Neben der Umschrift des Dialektes gibt es Notizen auf Deutsch und Persisch, z.B. in welchem Zusammenhang ein bestimmtes Wort verwendet wird sowie die persische Übersetzung. Er behandelt Themen wie Lautlehre (Bl. 3-47), Flexion (Substantiv, Adjektiv und Pronomen) Bl. 48-67, Flexion des Verbs von Blatt 68 bis 90, Indeklinabilia Bl. 91 bis Ende. Er hatte eine groß angelegte Arbeit begonnen, konnte diese aber nicht abschließen. Die Arbeit unter dem Titel ""Mundarten der Gurani"" wurde erst von seinem Nachfolger Karl Hadank fortgesetzt, bearbeitet und schließlich herausgegeben."
Manuskripte fremder Autoren,Archiv der Berlin-Brandenburgischen Akademie der Wissenschaften,['http://ld.zdb-services.de/resource/organisations/'],"['Mann, Oskar', 'Unbekannt']","['DE-588', 'DE-611']","Eine Sammlung an Erzählungen, Gedichte, Sprachproben und Vokabeln in verschiedenen kurdischen Dialekten. Meist von O. Mann eigenhändig mit lateinischer Umschrift und persischer Übesetzung geschrieben.
Hier ein Überblick zu den jeweiligen Dialekten und weiteren Angaben:
1- Gurani von Gahwarä (Sprachproben + Texte mit Übersetzung) S. 1 bis 11
2- Säyydi (Sprachproben) S. 12 bis 16
3- Biwäniji (Sprachproben) S. 17 bis 23
4- Rijabi (Sprachproben) S. 24 bis 27
5- Sprachproben aus Yaran S. 28
6- Sprachproben aus Zärdä S. 29
7- Bajälani (Sprachproben) S. 33 bis 40 und 45 bis 46
8- Djafi (Sprachproben) S. 41 bis 47
9- Djafi (Gedichte) S. 48 bis 51
10- Kirindi (Sprachproben) S. 53 bis 58
11- Kulliari (Sprachproben und Fabeln mit Übersetzung) S. 59 bis 63
12- Grässui (Erzählungen, Gedichte und Sprachproben in diesem Dialekt mit der persische Übersetzungen und Umschrift) S. 68 bis 111.
13- Mukri-Dialekt aus Soudschbulagh (Epen: Dimdim) S. 112 bis 155
14- Mam u Zin (Gedichte im Mukri-Dialekt) S. 156 bis 281 (Fortsetzung von Mam u Zin aus dem Heft K IX S. 1-90)"
Allgemeine Korrespondenz,Niedersächsische Staats- und Universitätsbibliothek Göttingen,['http://ld.zdb-services.de/resource/organisations/'],"['Mann, Oskar', 'Andreas, Friedrich Carl (1846-1930)']","['DE-588', 'DE-588']",NaN
"Nachlass Friedrich Zarncke, Korrespondenz, M",Universitätsbibliothek Leipzig,['http://ld.zdb-services.de/resource/organisations/'],"['Mann, Oskar', 'Zarncke, Eduard (1857-1936)']","['DE-588', 'DE-588']",Bietet seine Dienste für Buchbesprechungen an.
2b Philologie,Staatsbibliothek zu Berlin. Handschriftenabteilung,['http://ld.zdb-services.de/resource/organisations/'],"['Mann, Oskar', 'Sachau, Eduard (1845-1930) [vermutlich]', 'null']","['DE-588', 'DE-588', 'DE-611']",NaN
2b Philologie,Staatsbibliothek zu Berlin. Handschriftenabteilung,['http://ld.zdb-services.de/resource/organisations/'],"['Mann, Oskar', 'Andreas, Friedrich Carl (1846-1930)']","['DE-588', 'DE-588']",NaN
2b Philologie,Staatsbibliothek zu Berlin. Handschriftenabteilung,['http://ld.zdb-services.de/resource/organisations/'],"['Mann, Oskar', 'Andreas, Friedrich Carl (1846-1930)', 'Unbekannt']","['DE-588', 'DE-588', 'DE-611']",NaN
2b Philologie,Staatsbibliothek zu Berlin. Handschriftenabteilung,['http://ld.zdb-services.de/resource/organisations/'],"['Mann, Oskar', 'Andreas, Friedrich Carl (1846-1930)']","['DE-588', 'DE-588']",NaN
Autographensammlung Bayerische Staatsbibliothek,Bayerische Staatsbibliothek,['http://ld.zdb-services.de/resource/organisations/'],"['Mann, Oskar', 'Merzbacher, Gottfried (1843-1926)']","['DE-588', 'DE-588']",NaN
Autographensammlung Bayerische Staatsbibliothek,Bayerische Staatsbibliothek,['http://ld.zdb-services.de/resource/organisations/'],"['Mann, Oskar', 'Merzbacher, Gottfried (1843-1926)']","['DE-588', 'DE-588']",NaN
K. XII,Staatsbibliothek zu Berlin. Handschriftenabteilung,['http://ld.zdb-services.de/resource/organisations/'],"['Mann, Oskar', 'Hadank, Karl', 'Mann, Martha']","['DE-588', 'DE-588', 'DE-588']","Stellen und Zitate aus den Reisebriefen O. Manns, die Karl Hadank in seinem Buch ""Kurdisch-Persische Forschungen - die Mundarten der Gurani"" verwendet hat. Mit handschriftlichen Notizen von Karl Hadank."
"NL 144: Nachlass Heinrich Zimmern - Korrespondenz, Kasten T-Z",Universitätsbibliothek Leipzig,['http://ld.zdb-services.de/resource/organisations/'],"['Weißbach, Franz H. (1865-1944)', 'Mann, Oskar', 'Zimmern, Heinrich (1862-1931)']","['DE-588', 'DE-588', 'DE-588']","Informiert ausführlich über die Lage der Darius - Inschrift und welche großen Schwierigkeiten die Anfertigung eines Abklatsches machen werden. Es muß ein Gerüst angefertigt werden, da die Inschrift hoch oben an einem unzugänglichen Felsen angebracht ist. Die Franzosen haben unter der Leitung von Herrn de Morgan vor, den Abklatsch Ende nächsten Winter anzufertigen. Sie haben reichlich Geldmittel und Zeit dafür eingeplant. Bietet an, mit ihm gemeinsam die Abklatsche noch vorher zu erledigen und die Organisation zu übernehmen."
"NL 144: Nachlass Heinrich Zimmern - Korrespondenz, Kasten T-Z",Universitätsbibliothek Leipzig,['http://ld.zdb-services.de/resource/organisations/'],"['Weißbach, Franz H. (1865-1944)', 'Mann, Oskar', 'Zimmern, Heinrich (1862-1931)']","['DE-588', 'DE-588', 'DE-588']","Inzwischen hat er einen reell erscheinenden Kostenvoranschlag für das Gerüst am Fels der Darius - Inschrift beim ortsansässigen Zimmermann machen lassen. Es würde sich um umgerechnet 400 Mark handeln, die dafür ausgegeben werden müßten. Er würde sich sehr freuen, wenn sie zu dritt Anfang November die Abklatsche anfertigen. Das Abklatschpapier müßten sie mitbringen, um alles andere kümmert er sich. Bittet um baldmöglichen Bescheid, ob sie kommen werden."
"A:Binding, Rudolf Georg/Deutsche Akademie der Dichtung - [Standortkonvolut, Nachlass]","Deutsches Literaturarchiv Marbach, Archiv",['http://ld.zdb-services.de/resource/organisations/'],"['Deutsches Literaturarchiv Marbach, Archiv', 'Binding, Rudolf Georg (1867-1938)', 'Amersdorffer, Alexander (1875-1946)']","['DE-588', 'DE-588', 'DE-588']","enthält neben Korrespondenzen auch Sitzungsprotokolle, Zeitungsberichte, Manuskripte"
Kurt Wolff Archiv,"Yale University, Beinecke Rare Book and Manuscript Library",['http://ld.zdb-services.de/resource/organisations/'],"['Benn, Gottfried (1886-1956)', 'Heym, Georg (1887-1912)', 'Toller, Ernst (1893-1939)']","['DE-588', 'DE-588', 'DE-588']",NaN
Chronologische Konvolute,Schweizerisches Literaturarchiv (SLA),['http://ld.zdb-services.de/resource/organisations/'],"['Schweizerisches Literaturarchiv (SLA)', 'Mann, Lothar (1952-)', 'Lafontaine, Oskar (1943-)']","['DE-588', 'DE-588', 'DE-588']",NaN
Chronologische Konvolute,Schweizerisches Literaturarchiv (SLA),['http://ld.zdb-services.de/resource/organisations/'],"['Schweizerisches Literaturarchiv (SLA)', 'May, Fred', 'May, Fred']","['DE-588', 'DE-588', 'DE-588']",NaN
Chronologische Konvolute,Schweizerisches Literaturarchiv (SLA),['http://ld.zdb-services.de/resource/organisations/'],"['Schweizerisches Literaturarchiv (SLA)', 'Meyer, Jürgen (20./21. Jh.)', 'Gähler, Winkelried']","['DE-588', 'DE-588', 'DE-588']",NaN
